"COMPOUND","PANChemClass","PANUseType","TysonUseType","MOA","MOA_source","AlanWoodChemClass","yr_by_county_use","total_kg","years_used","counties_used","BroadMOA","MOAuse"
"SPINETORAM","Spinosyn","Insecticide","Insecticide","5","IRAC","Macrocyclic Lactone",567,1390,5,123,"5","ins_5"
"ABAMECTIN","Botanical , Macrocyclic Lactone","Insecticide","Insecticide","6","IRAC","Macrocyclic Lactone",1143,3341,21,127,"6","ins_6"
"EMAMECTIN","Macrocyclic Lactone","Insecticide","Insecticide","6","IRAC","Macrocyclic Lactone",52,14,8,25,"6","ins_6"
"CHLORFENAPYR","Pyrazole","Insecticide","Insecticide","13","IRAC","Pyrrole",4,20,1,4,"13","ins_13"
"DIFLUBENZURON","Benzoylurea","Insect Growth Regulator, Insecticide","Insecticide","15","IRAC","Insect Growth Regulator",51,755,2,49,"15","ins_15"
"CYROMAZINE","Triazine","Insect Growth Regulator, Insecticide","Insecticide","17","IRAC","Insect Growth Regulator",3,6,1,3,"17","ins_17"
"METHOXYFENOZIDE","Diacylhydrazine","Insecticide","Insecticide","18","IRAC","Insect Growth Regulator",415,1613,11,70,"18","ins_18"
"TEBUFENOZIDE","Diacylhydrazine","Insecticide","Insecticide","18","IRAC","Insect Growth Regulator",166,341,7,81,"18","ins_18"
"AMITRAZ","Formamidine","Insecticide","Insecticide","19","IRAC","Formamidine",167,1477,6,78,"19","ins_19"
"SPIRODICLOFEN","Keto-enol","Insecticide","Insecticide","23","IRAC","Tetronic Acid",472,908,8,104,"23","ins_23"
"SPIROTETRAMAT","Keto-enol","Insecticide","Insecticide","23","IRAC","Tetramic Acid",137,190,4,67,"23","ins_23"
"CHLORANTRANILIPROLE","Anthranilic diamide","Insecticide","Insecticide","28","IRAC","Diamide",567,1127,5,125,"28","ins_28"
"FLUBENDIAMIDE","Anthranilic diamide","Insecticide","Insecticide","28","IRAC","Diamide",110,148,4,101,"28","ins_28"
"CLOFENTEZINE","Tetrazine","Insecticide","Insecticide","10A","IRAC","Tetrazine",1618,3243,18,125,"10","ins_10"
"ETOXAZOLE","Unclassified","Insecticide","Insecticide","10B","IRAC","Unclassified",435,486,9,89,"10","ins_10"
"BACILLUS THURINGIENSIS","Microbial","Insecticide","Insecticide","11A","IRAC","Unclassified",1609,30094,21,127,"11","ins_11"
"FENBUTATIN OXIDE","Organotin, Heavy metal","Insecticide","Insecticide","12B","IRAC","Organotin",430,5940,10,103,"12","ins_12"
"PROPARGITE","Unclassified","Insecticide","Insecticide","12C","IRAC","Sulfite Ester",749,43543,9,126,"12","ins_12"
"ALDICARB","N-Methyl Carbamate","Insecticide, Nematicide","Insecticide","1A","IRAC","Carbamate",190,29946,19,25,"1","ins_1"
"BENDIOCARB","N-Methyl Carbamate","Insecticide","Insecticide","1A","IRAC","Carbamate",2,0,1,2,"1","ins_1"
"CARBARYL","N-Methyl Carbamate","Insecticide, Nematicide, Plant Growth Regulator","Insecticide","1A","IRAC","Carbamate",2682,1171740,21,128,"1","ins_1"
"CARBOFURAN","N-Methyl Carbamate","Insecticide, Nematicide","Insecticide","1A","IRAC","Carbamate",2290,609191,19,128,"1","ins_1"
"FORMETANATE","N-Methyl Carbamate","Insecticide","Insecticide","1A","IRAC","Formamidine",669,8190,14,116,"1","ins_1"
"METHOMYL","N-Methyl Carbamate","Insecticide, Breakdown product","Insecticide","1A","IRAC","Carbamate",2533,117264,21,128,"1","ins_1"
"OXAMYL","N-Methyl Carbamate","Insecticide, Nematicide","Insecticide","1A","IRAC","Carbamate",1689,52600,21,124,"1","ins_1"
"PROPOXUR","N-Methyl Carbamate","Insecticide","Insecticide","1A","IRAC","Carbamate",14,481,1,14,"1","ins_1"
"THIODICARB","N-Methyl Carbamate","Molluscicide, Insecticide","Insecticide","1A","IRAC","Carbamate",2163,268700,21,124,"1","ins_1"
"TRIMETHACARB","N-Methyl Carbamate","Insecticide, Molluscicide, Dog and Cat Repellent","Insecticide","1A","IRAC","Carbamate",148,15790,4,44,"1","ins_1"
"TRIAZAMATE","Unknown","Insecticide","Insecticide","1A","IRAC","Unclassified",2,3,1,2,"1","ins_1"
"ACEPHATE","Organophosphorus","Insecticide","Insecticide","1B","IRAC","Organophosphorus",2096,193197,21,127,"1","ins_1"
"AZINPHOS-METHYL","Organophosphorus","Insecticide","Insecticide","1B","IRAC","Organophosphorus",2604,253321,21,128,"1","ins_1"
"CHLORETHOXYFOS","Organophosphorus","Insecticide","Insecticide","1B","IRAC","Organophosphorus",1573,83434,18,128,"1","ins_1"
"CHLORPYRIFOS","Organophosphorus","Insecticide, Nematicide","Insecticide","1B","IRAC","Organophosphorus",2688,3937100,21,128,"1","ins_1"
"DEMETON","Organophosphorus","Insecticide, Nematicide","Insecticide","1B","IRAC","Organophosphorus",2,60,1,2,"1","ins_1"
"DIAZINON","Organophosphorus","Insecticide","Insecticide","1B","IRAC","Organophosphorus",2385,137089,21,128,"1","ins_1"
"DICROTOPHOS","Organophosphorus","Insecticide","Insecticide","1B","IRAC","Organophosphorus",41,298,2,37,"1","ins_1"
"DIMETHOATE","Organophosphorus","Insecticide","Insecticide","1B","IRAC","Organophosphorus",2605,546961,21,128,"1","ins_1"
"DISULFOTON","Organophosphorus","Insecticide, Nematicide","Insecticide","1B","IRAC","Organophosphorus",1277,117915,16,116,"1","ins_1"
"ETHOPROPHOS","Organophosphorus","Insecticide, Nematicide","Insecticide","1B","IRAC","Organophosphorus",540,40935,19,100,"1","ins_1"
"FENAMIPHOS","Organophosphorus","Insecticide, Nematicide","Insecticide","1B","IRAC","Organophosphorus",146,4601,12,57,"1","ins_1"
"MALATHION","Organophosphorus","Insecticide","Insecticide","1B","IRAC","Organophosphorus",2243,336257,21,128,"1","ins_1"
"METHAMIDOPHOS","Organophosphorus","Insecticide, Breakdown product","Insecticide","1B","IRAC","Organophosphorus",809,56513,19,107,"1","ins_1"
"METHIDATHION","Organophosphorus","Insecticide","Insecticide","1B","IRAC","Organophosphorus",245,770,7,102,"1","ins_1"
"METHYL PARATHION","Organophosphorus","Insecticide, Nematicide","Insecticide","1B","IRAC","Organophosphorus",1594,292380,19,128,"1","ins_1"
"MEVINPHOS","Organophosphorus","Insecticide","Insecticide","1B","IRAC","Organophosphorus",63,453,4,21,"1","ins_1"
"NALED","Organophosphorus","Insecticide","Insecticide","1B","IRAC","Organophosphorus",102,749,3,46,"1","ins_1"
"OXYDEMETON-METHYL","Organophosphorus","Insecticide","Insecticide","1B","IRAC","Organophosphorus",346,10420,9,75,"1","ins_1"
"PARATHION","Organophosphorus","Insecticide","Insecticide","1B","IRAC","Organophosphorus",434,238261,6,126,"1","ins_1"
"PHORATE","Organophosphorus","Insecticide, Nematicide","Insecticide","1B","IRAC","Organophosphorus",1787,718710,20,128,"1","ins_1"
"PHOSMET","Organophosphorus","Insecticide","Insecticide","1B","IRAC","Phthalimide",2604,706747,21,128,"1","ins_1"
"PHOSPHAMIDON","Organophosphorus","Insecticide","Insecticide","1B","IRAC","Organophosphorus",26,810,5,19,"1","ins_1"
"TEBUPIRIMPHOS","Organophosphorus","Insecticide","Insecticide","1B","IRAC","Organophosphorus",2074,122807,17,128,"1","ins_1"
"TERBUFOS","Organophosphorus","Insecticide, Nematicide","Insecticide","1B","IRAC","Organophosphorus",2472,1498760,21,128,"1","ins_1"
"TRICHLORFON","Organophosphorus","Insecticide","Insecticide","1B","IRAC","Organophosphorus",51,148989,2,51,"1","ins_1"
"HYDRAMETHYLNON","Unclassified","Insecticide","Insecticide","20A","IRAC","Unclassified",30,4,1,30,"20","ins_20"
"ACEQUINOCYL","Unclassified","Insecticide, acaricide","Insecticide","20B","IRAC","Unclassified",2,2,1,2,"20","ins_20"
"FENPYROXIMATE","Pyrazole","Insecticide","Insecticide","21A","IRAC","Pyrazole",47,15,9,20,"21","ins_21"
"PYRIDABEN","Unclassified","Insecticide","Insecticide","21A","IRAC","Unclassified",1692,2736,16,124,"21","ins_21"
"ROTENONE","Botanical","Insecticide","Insecticide","21B","IRAC","Botanical",201,5552,7,102,"21","ins_21"
"INDOXACARB","Unclassified","Insecticide","Insecticide","22A","IRAC","Oxadiazine",1072,1794,12,126,"22","ins_22"
"ENDOSULFAN","Organochlorine","Insecticide","Insecticide","2A","IRAC","Organochlorine",2645,271457,21,128,"2","ins_2"
"FIPRONIL","Pyrazole","Insecticide","Insecticide","2B","IRAC","Pyrazole",1471,62117,15,128,"2","ins_2"
"PYRETHRINS","Botanical, Pyrethroid","Insecticide","Insecticide","3A","IRAC","Botanical",196,134,18,68,"3","ins_3"
"BIFENTHRIN","Pyrethroid","Insecticide","Insecticide","3A","IRAC","Pyrethroid",1706,80193,16,128,"3","ins_3"
"CYFLUTHRIN","Pyrethroid","Insecticide","Insecticide","3A","IRAC","Pyrethroid",2195,34660,19,128,"3","ins_3"
"CYHALOTHRIN-GAMMA","Pyrethroid","Insecticide","Insecticide","3A","IRAC","Pyrethroid",771,5421,9,123,"3","ins_3"
"CYHALOTHRIN-LAMBDA","Pyrethroid","Insecticide","Insecticide","3A","IRAC","Pyrethroid",2245,104503,18,128,"3","ins_3"
"CYPERMETHRIN","Pyrethroid","Insecticide","Insecticide","3A","IRAC","Pyrethroid",167,7459,6,89,"3","ins_3"
"DELTAMETHRIN","Pyrethroid","Insecticide","Insecticide","3A","IRAC","Pyrethroid",394,4145,7,104,"3","ins_3"
"ESFENVALERATE","Pyrethroid","Insecticide","Insecticide","3A","IRAC","Pyrethroid",2676,55164,21,128,"3","ins_3"
"FENPROPATHRIN","Pyrethroid","Insecticide","Insecticide","3A","IRAC","Pyrethroid",1055,10400,14,125,"3","ins_3"
"FENVALERATE","Pyrethroid","Insecticide","Insecticide","3A","IRAC","Pyrethroid",139,776,4,100,"3","ins_3"
"PERMETHRIN","Pyrethroid","Insecticide","Insecticide","3A","IRAC","Pyrethroid",2688,286833,21,128,"3","ins_3"
"TEFLUTHRIN","Pyrethroid","Insecticide","Insecticide","3A","IRAC","Pyrethroid",2640,228212,21,128,"3","ins_3"
"ZETA-CYPERMETHRIN","Pyrethroid","Insecticide","Insecticide","3A","IRAC","Pyrethroid",1390,31769,16,128,"3","ins_3"
"METHOXYCHLOR","Organochlorine","Insecticide","Insecticide","3B","IRAC","Organochlorine",331,58660,12,115,"3","ins_3"
"DINOTEFURAN","Guanidine , Neonicotinoid","Insecticide","Insecticide","4A","IRAC","Neonicotinoid",38,188,4,35,"4","ins_4"
"ACETAMIPRID","Neonicotinoid","Insecticide","Insecticide","4A","IRAC","Neonicotinoid",1099,2507,10,124,"4","ins_4"
"CLOTHIANIDIN","Neonicotinoid","Insecticide","Insecticide","4A","IRAC","Neonicotinoid",1137,237377,9,128,"4","ins_4"
"IMIDACLOPRID","Neonicotinoid","Insecticide","Insecticide","4A","IRAC","Neonicotinoid",2242,177877,18,128,"4","ins_4"
"THIACLOPRID","Neonicotinoid","Insecticide","Insecticide","4A","IRAC","Neonicotinoid",516,2108,9,82,"4","ins_4"
"THIAMETHOXAM","Neonicotinoid","Insecticide","Insecticide","4A","IRAC","Neonicotinoid",1248,141449,12,128,"4","ins_4"
"SODIUM METABORATE","Inorganic","Insecticide","Insecticide","8D","IRAC","Inorganic",50,12492,4,18,"8","ins_8"
"PYMETROZINE","Triazine","Insecticide","Insecticide","9B","IRAC","Antifeedants",328,1082,10,80,"9","ins_9"
"FLONICAMID","Unclassified","Insecticide","Insecticide","9C","IRAC","Unclassified",97,94,3,67,"9","ins_9"
"AZADIRACHTIN","Botanical","Insecticide, Nematicide","Insecticide","UN","IRAC","Botanical",124,639,7,88,"U","ins_U"
"CRYOLITE","Inorganic","Insecticide","Insecticide","UN","IRAC","Fluorine",125,36257,8,35,"U","ins_U"
"DICOFOL","Organochlorine","Insecticide, acaricide","Insecticide","UN","IRAC","Bridged diphenyl",885,11214,17,120,"U","ins_U"
"BIFENAZATE","Unclassified","Insecticide","Insecticide","UN","IRAC","Carbazate",166,364,7,100,"U","ins_U"
"FENOXAPROP","Aryloxyphenoxy propionic acid","Herbicide","Herbicide","A","HRAC","Phenoxy",2154,109254,21,116,"A","her_A"
"FLUAZIFOP","Aryloxyphenoxy propionic acid","Herbicide","Herbicide","A","HRAC","Phenoxy",2355,286994,21,128,"A","her_A"
"QUIZALOFOP","Aryloxyphenoxy propionic acid","Herbicide","Herbicide","A","HRAC","Phenoxy",2259,97408,21,119,"A","her_A"
"DICLOFOP","Aryloxyphenoxy propionic acid , Chlorophenoxy acid or ester","Herbicide","Herbicide","A","HRAC","Phenoxy",249,22109,17,83,"A","her_A"
"CLETHODIM","Cyclohexenone derivative","Herbicide","Herbicide","A","HRAC","Cyclohexene oxime",2457,309742,21,125,"A","her_A"
"SETHOXYDIM","Cyclohexenone derivative","Herbicide","Herbicide","A","HRAC","Cyclohexene oxime",2568,369273,21,128,"A","her_A"
"TRALKOXYDIM","Cyclohexenone derivative","Herbicide","Herbicide","A","HRAC","Cyclohexene oxime",59,239,2,59,"A","her_A"
"PINOXADEN","Unknown","Herbicide","Herbicide","A","HRAC","Pyrazole",56,385,5,19,"A","her_A"
"IMAZAMETHABENZ","Imidazolinone","Herbicide","Herbicide","B","HRAC","Imidazolinone",64,481,2,64,"B","her_B"
"IMAZAMOX","Imidazolinone","Herbicide","Herbicide","B","HRAC","Imidazolinone",1594,33671,16,116,"B","her_B"
"IMAZAPYR","Imidazolinone","Herbicide","Herbicide","B","HRAC","Imidazolinone",1720,12261,16,127,"B","her_B"
"IMAZAQUIN","Imidazolinone","Herbicide, Plant Growth Regulator","Herbicide","B","HRAC","Imidazolinone",2418,539089,21,125,"B","her_B"
"IMAZETHAPYR","Imidazolinone","Herbicide, Plant Growth Regulator","Herbicide","B","HRAC","Imidazolinone",2642,297121,21,128,"B","her_B"
"CHLORIMURON","Sulfonylurea","Herbicide","Herbicide","B","HRAC","Urea",2407,259281,21,123,"B","her_B"
"CHLORSULFURON","Sulfonylurea","Herbicide","Herbicide","B","HRAC","Urea",526,6226,20,89,"B","her_B"
"FORAMSULFURON","Sulfonylurea","Herbicide","Herbicide","B","HRAC","Urea",1250,10071,11,124,"B","her_B"
"HALOSULFURON","Sulfonylurea","Herbicide","Herbicide","B","HRAC","Urea, pyrazole",2182,19429,18,128,"B","her_B"
"IODOSULFURON","Sulfonylurea","Herbicide","Herbicide","B","HRAC","Urea",714,989,10,109,"B","her_B"
"MESOSULFURON","Sulfonylurea","Herbicide","Herbicide","B","HRAC","Urea",79,351,5,19,"B","her_B"
"METSULFURON","Sulfonylurea","Herbicide","Herbicide","B","HRAC","Urea",1763,2000,21,118,"B","her_B"
"NICOSULFURON","Sulfonylurea","Herbicide","Herbicide","B","HRAC","Urea",2645,58602,21,128,"B","her_B"
"PRIMISULFURON","Sulfonylurea","Herbicide","Herbicide","B","HRAC","Urea",2578,22312,21,127,"B","her_B"
"PROSULFURON","Sulfonylurea","Herbicide","Herbicide","B","HRAC","Urea",2044,15839,18,127,"B","her_B"
"RIMSULFURON","Sulfonylurea","Herbicide","Herbicide","B","HRAC","Urea",2187,27767,18,127,"B","her_B"
"SULFOSULFURON","Sulfonylurea","Herbicide","Herbicide","B","HRAC","Urea",47,294,1,47,"B","her_B"
"THIFENSULFURON","Sulfonylurea","Breakdown product, Herbicide","Herbicide","B","HRAC","Urea",2540,34967,21,127,"B","her_B"
"TRIASULFURON","Sulfonylurea","Herbicide","Herbicide","B","HRAC","Urea",798,4068,19,47,"B","her_B"
"TRIBENURON METHYL","Sulfonylurea","Herbicide","Herbicide","B","HRAC","Urea",2401,19011,21,125,"B","her_B"
"TRIFLUSULFURON","Sulfonylurea","Herbicide","Herbicide","B","HRAC","Urea",135,272,12,12,"B","her_B"
"CLORANSULAM-METHYL","Triazolopyrimidine","Herbicide","Herbicide","B","HRAC","Triazolopyrimidine, amide",1662,47360,15,121,"B","her_B"
"FLUMETSULAM","Triazolopyrimidine","Herbicide","Herbicide","B","HRAC","Triazolopyrimidine, amide",2436,159556,20,128,"B","her_B"
"PYROXSULAM","Triazolopyrimidine","Herbicide","Herbicide","B","HRAC","Triazolopyrimidine, amide, pyridine",182,709,4,55,"B","her_B"
"DESMEDIPHAM","Bis-Carbamate","Herbicide","Herbicide","C1","HRAC","Carbamate",221,5444,16,43,"C","her_C"
"PHENMEDIPHAM","Bis-Carbamate","Herbicide","Herbicide","C1","HRAC","Carbamate",221,5115,16,43,"C","her_C"
"CHLORIDAZON","Pyridazinone","Herbicide","Herbicide","C1","HRAC","Pyridazinone",259,71180,16,59,"C","her_C"
"AMETRYN","Triazine","Herbicide","Herbicide","C1","HRAC","Triazine",62,12120,2,62,"C","her_C"
"ATRAZINE","Triazine","Herbicide","Herbicide","C1","HRAC","Triazine",2688,45236800,21,128,"C","her_C"
"CYANAZINE","Triazine","Herbicide","Herbicide","C1","HRAC","Triazine",1608,6145780,15,128,"C","her_C"
"PROMETON","Triazine","Herbicide","Herbicide","C1","HRAC","Triazine",636,11421,6,114,"C","her_C"
"PROMETRYN","Triazine","Herbicide","Herbicide","C1","HRAC","Triazine",4,668,3,2,"C","her_C"
"SIMAZINE","Triazine","Herbicide","Herbicide","C1","HRAC","Triazine",2687,4161160,21,128,"C","her_C"
"HEXAZINONE","Triazinone","Herbicide","Herbicide","C1","HRAC","Triazinone",843,56152,18,128,"C","her_C"
"METRIBUZIN","Triazinone","Herbicide","Herbicide","C1","HRAC","Triazinone",2677,2548610,21,128,"C","her_C"
"BROMACIL","Uracil","Herbicide","Herbicide","C1","HRAC","Uracil",86,543,3,62,"C","her_C"
"TERBACIL","Uracil","Herbicide","Herbicide","C1","HRAC","Uracil",2515,41960,21,127,"C","her_C"
"DIURON","Urea","Herbicide","Herbicide","C2","HRAC","Urea",2589,177997,21,127,"C","her_C"
"LINURON","Urea","Herbicide","Herbicide","C2","HRAC","Urea",2402,1030470,21,128,"C","her_C"
"TEBUTHIURON","Urea","Herbicide","Herbicide","C2","HRAC","Urea",1045,24743,16,128,"C","her_C"
"BROMOXYNIL","Hydroxybenzonitrile","Herbicide","Herbicide","C3","HRAC","Nitrile",2392,602872,21,128,"C","her_C"
"BENTAZONE","Unclassified","Herbicide","Herbicide","C3","HRAC","Unclassified",2609,2048780,21,128,"C","her_C"
"PYRIDATE","Unknown","Herbicide","Herbicide","C3","HRAC","Pyridazine",82,994,5,40,"C","her_C"
"DIQUAT","Bipyridylium","Herbicide, Dessicant","Herbicide","D","HRAC","Quaternary ammonium",1703,27884,21,117,"D","her_D"
"PARAQUAT","Bipyridylium","Herbicide","Herbicide","D","HRAC","Quaternary ammonium",2687,2027370,21,128,"D","her_D"
"ACIFLUORFEN","Diphenyl ether","Herbicide","Herbicide","E","HRAC","Diphenyl ether",2106,336522,21,118,"E","her_E"
"FOMESAFEN","Diphenyl ether","Herbicide","Herbicide","E","HRAC","Diphenyl ether",2450,351572,21,126,"E","her_E"
"LACTOFEN","Diphenyl ether","Herbicide","Herbicide","E","HRAC","Diphenyl ether",2300,144996,21,121,"E","her_E"
"OXYFLUORFEN","Diphenyl ether","Herbicide","Herbicide","E","HRAC","Diphenyl ether",912,25007,21,103,"E","her_E"
"PYRAFLUFEN ETHYL","Pyrazolylphenyl","Herbicide","Herbicide","E","HRAC","Pyrazole",13,15,2,13,"E","her_E"
"CARFENTRAZONE-ETHYL","Triazolone","Herbicide","Herbicide","E","HRAC","Triazolone",1250,8695,14,109,"E","her_E"
"SULFENTRAZONE","Triazolone","Herbicide","Herbicide","E","HRAC","Triazolone, amide",1909,327584,16,124,"E","her_E"
"FLUMICLORAC","Unclassified","Herbicide","Herbicide","E","HRAC","Dicarboximide",1360,13475,18,115,"E","her_E"
"FLUMIOXAZIN","Unclassified","Herbicide","Herbicide","E","HRAC","Dicarboximide",1345,179220,12,128,"E","her_E"
"FLUTHIACET-METHYL","Unknown","Herbicide","Herbicide","E","HRAC","Unclassified",381,703,5,85,"E","her_E"
"NORFLURAZON","Pyridazinone","Herbicide","Herbicide","F1","HRAC","Pyridazinone",1160,64441,21,115,"F","her_F"
"MESOTRIONE","Benzoylcyclohexanedione","Herbicide","Herbicide","F2","HRAC","Benzoylcyclohexanedione",1497,532661,12,128,"F","her_F"
"ISOXAFLUTOLE","Oxazole","Herbicide","Herbicide","F2","HRAC","Oxazole, Cyclopropylisoxazole",1765,154706,15,128,"F","her_F"
"AMITROLE","Unclassified","Herbicide","Herbicide","F3","HRAC","Triazole",16,21,1,16,"F","her_F"
"CLOMAZONE","Unclassified","Herbicide","Herbicide","F3","HRAC","Unclassified",2571,762006,21,127,"F","her_F"
"GLYPHOSATE","Phosphonoglycine","Herbicide","Herbicide","G","HRAC","Organophosphorus",2688,54182500,21,128,"G","her_G"
"SULFOSATE","Phosphonoglycine","Herbicide","Herbicide","G","HRAC","Organophosphorus, glyphosate derivative",1233,1122310,13,128,"G","her_G"
"GLUFOSINATE","Phosphonoglycine","Herbicide","Herbicide","H","HRAC","Organophosphorus",2121,382582,17,128,"H","her_H"
"BENFLURALIN","2,6-Dinitroaniline","Herbicide","Herbicide","K1","HRAC","Dinitroaniline",191,7102,13,27,"K","her_K"
"BUTRALIN","2,6-Dinitroaniline","Herbicide","Herbicide","K1","HRAC","Dinitroaniline",522,12748,16,40,"K","her_K"
"ETHALFLURALIN","2,6-Dinitroaniline","Herbicide","Herbicide","K1","HRAC","Dinitroaniline",2494,502087,21,127,"K","her_K"
"ORYZALIN","2,6-Dinitroaniline","Herbicide","Herbicide","K1","HRAC","Dinitroaniline",1316,42178,20,126,"K","her_K"
"PENDIMETHALIN","2,6-Dinitroaniline","Herbicide","Herbicide","K1","HRAC","Dinitroaniline",2688,7049010,21,128,"K","her_K"
"TRIFLURALIN","2,6-Dinitroaniline","Herbicide","Herbicide","K1","HRAC","Dinitroaniline",2463,1353360,21,128,"K","her_K"
"DCPA","Alkyl Phthalate","Herbicide","Herbicide","K1","HRAC","Aromatic Acid",1040,54483,20,118,"K","her_K"
"PROPYZAMIDE","Amide","Herbicide","Herbicide","K1","HRAC","Amide",17,212,3,16,"K","her_K"
"CHLORPROPHAM","Other Carbamate","Herbicide, Plant Growth Regulator","Herbicide","K2","HRAC","Carbamate",62,19724,3,62,"K","her_K"
"DIMETHENAMID","Amide","Herbicide","Herbicide","K3","HRAC","Amide",2520,3026950,20,128,"K","her_K"
"DIMETHENAMID-P","Amide","Herbicide","Herbicide","K3","HRAC","Amide",1365,621719,13,128,"K","her_K"
"DIPHENAMID","Amide","Herbicide","Herbicide","K3","HRAC","Amide",117,2334,3,66,"K","her_K"
"NAPROPAMIDE","Amide","Herbicide","Herbicide","K3","HRAC","Amide",2241,86644,21,126,"K","her_K"
"FLUFENACET","Anilide","Herbicide","Herbicide","K3","HRAC","Amide",1644,584023,15,128,"K","her_K"
"ACETOCHLOR","Chloroacetanilide","Herbicide","Herbicide","K3","HRAC","Amide",2432,18569300,19,128,"K","her_K"
"ALACHLOR","Chloroacetanilide","Herbicide","Herbicide","K3","HRAC","Amide",2654,12659400,21,128,"K","her_K"
"METOLACHLOR","Chloroacetanilide","Herbicide","Herbicide","K3","HRAC","Amide",2588,19880700,21,128,"K","her_K"
"METOLACHLOR-S","Chloroacetanilide","Herbicide","Herbicide","K3","HRAC","Amide",1920,12319900,15,128,"K","her_K"
"PROPACHLOR","Chloroacetanilide","Herbicide","Herbicide","K3","HRAC","Amide",743,529621,10,112,"K","her_K"
"ISOXABEN","Amide, Oxazole","Herbicide","Herbicide","L","HRAC","Amide, Oxazole",85,169,4,69,"L","her_L"
"DICHLOBENIL","Substituted Benzene","Herbicide","Herbicide","L","HRAC","Nitrile",578,14245,13,121,"L","her_L"
"DINOSEB","Dinitrophenol derivative","Defoliant, Herbicide","Herbicide","M","HRAC","Dinitrophenol",16,92,1,16,"M","her_M"
"BENSULIDE","Organophosphorus","Herbicide","Herbicide","N","HRAC","Organophosphorus",1721,73383,20,115,"N","her_N"
"BUTYLATE","Thiocarbamate","Herbicide","Herbicide","N","HRAC","Thiocarbamate",1206,2184930,13,128,"N","her_N"
"CYCLOATE","Thiocarbamate","Herbicide","Herbicide","N","HRAC","Thiocarbamate",209,61035,16,38,"N","her_N"
"EPTC","Thiocarbamate","Herbicide","Herbicide","N","HRAC","Thiocarbamate",2022,2479980,21,128,"N","her_N"
"MOLINATE","Thiocarbamate","Herbicide","Herbicide","N","HRAC","Thiocarbamate",13,918,2,13,"N","her_N"
"PEBULATE","Thiocarbamate","Herbicide","Herbicide","N","HRAC","Thiocarbamate",758,74478,15,101,"N","her_N"
"TRI-ALLATE","Thiocarbamate","Herbicide","Herbicide","N","HRAC","Thiocarbamate",52,9747,2,52,"N","her_N"
"VERNOLATE","Thiocarbamate","Herbicide","Herbicide","N","HRAC","Thiocarbamate",10,23718,1,10,"N","her_N"
"ETHOFUMESATE","Unclassified","Herbicide","Herbicide","N","HRAC","Benzofuranyl alkylsulfonate",185,22239,16,14,"N","her_N"
"TCA","Unclassified","Breakdown product, Herbicide","Herbicide","N","HRAC","Halogenated aliphatic",2,5,1,2,"N","her_N"
"CHLORAMBEN","Benzoic acid","Herbicide","Herbicide","O","HRAC","Aromatic acid",528,185317,6,113,"O","her_O"
"DICAMBA","Benzoic acid","Herbicide","Herbicide","O","HRAC","Aromatic acid",2686,2192180,21,128,"O","her_O"
"2,4-D","Chlorophenoxy acid or ester","Herbicide, Plant Growth Regulator","Herbicide","O","HRAC","Phenoxy",2688,9099830,21,128,"O","her_O"
"2,4-DB","Chlorophenoxy acid or ester","Herbicide","Herbicide","O","HRAC","Phenoxy",2585,346313,21,128,"O","her_O"
"DICHLORPROP","Chlorophenoxy acid or ester","Herbicide","Herbicide","O","HRAC","Phenoxy",1228,175552,18,128,"O","her_O"
"MCPA","Chlorophenoxy acid or ester","Herbicide","Herbicide","O","HRAC","Phenoxy",2199,346422,21,128,"O","her_O"
"MCPB","Chlorophenoxy acid or ester","Herbicide","Herbicide","O","HRAC","Phenoxy",22,122,8,4,"O","her_O"
"MECOPROP","Chlorophenoxy acid or ester","Herbicide","Herbicide","O","HRAC","Phenoxy",901,16945,10,128,"O","her_O"
"TRICLOPYR","Chloropyridinyl","Herbicide","Herbicide","O","HRAC","Pyridine",2574,93344,21,128,"O","her_O"
"AMINOPYRALID","Pyridinecarboxylic acid","Herbicide","Herbicide","O","HRAC","Pyridine, Aromatic acid",833,15322,7,124,"O","her_O"
"CLOPYRALID","Pyridinecarboxylic acid","Herbicide","Herbicide","O","HRAC","Pyridine, Aromatic acid",2491,234442,21,128,"O","her_O"
"FLUROXYPYR","Pyridinecarboxylic acid","Herbicide","Herbicide","O","HRAC","Pyridine",390,33703,9,84,"O","her_O"
"PICLORAM","Pyridinecarboxylic acid","Herbicide","Herbicide","O","HRAC","Pyridine, Aromatic acid",1641,51849,21,120,"O","her_O"
"NAPTALAM","Amide","Herbicide","Herbicide","P","HRAC","Amide",1589,255629,19,120,"P","her_P"
"DIFLUFENZOPYR","Urea","Herbicide","Herbicide","P","HRAC","Urea",1719,44023,14,127,"P","her_P"
"METAM","Dithiocarbamate-MITC","Fumigant, Fungicide, Microbiocide, Algaecide, Nematicide","Herbicide","Z","HRAC","Dithiocarbamate",291,1827620,20,91,"Z","her_Z"
"PELARGONIC ACID","Fatty acid","Herbicide, Fungicide","Herbicide","Z","HRAC","Unclassified",124,36043,3,82,"Z","her_Z"
"MSMA","Organoarsenic, Heavy metal","Herbicide, Defoliant","Herbicide","Z","HRAC","Arsenical",228,32348,7,114,"Z","her_Z"
"FOSAMINE","Unknown","Herbicide","Herbicide","Z","HRAC","Organophosphorus",41,3558,1,41,"Z","her_Z"
"MEFENOXAM","Xylylalanine","Fungicide","Fungicide","A1","FRAC","Amide",1813,36213,16,128,"A","fun_A"
"METALAXYL","Xylylalanine","Fungicide","Fungicide","A1","FRAC","Amide",1620,111640,16,128,"A","fun_A"
"BENOMYL","Benzimidazole","Fungicide","Fungicide","B1","FRAC","Benzimidazole, Carbamate",1783,65146,17,128,"B","fun_B"
"THIABENDAZOLE","Benzimidazole","Fungicide","Fungicide","B1","FRAC","Thiazole, Benzimidazole",2,105,1,2,"B","fun_B"
"THIOPHANATE-METHYL","Benzimidazole precursor","Fungicide","Fungicide","B1","FRAC","Carbamate, Benzimidazole precursor",2618,105737,21,128,"B","fun_B"
"ZOXAMIDE","Unknown","Fungicide","Fungicide","B3","FRAC","Amide",302,1731,12,75,"B","fun_B"
"FLUOPICOLIDE","Unknown","Fungicide","Fungicide","B5","FRAC","Amide",210,841,5,108,"B","fun_B"
"PENTHIOPYRAD","Amide, Pyrazole","Fungicide","Fungicide","C2","FRAC","Amide, Pyrazole",14,25,1,14,"C","fun_C"
"BOSCALID","Anilide","Fungicide","Fungicide","C2","FRAC","Amide, Pyridine",787,5186,9,126,"C","fun_C"
"FLUTOLANIL","Anilide","Fungicide","Fungicide","C2","FRAC","Amide",16,613,5,5,"C","fun_C"
"CARBOXIN","Carboxamide","Fungicide","Fungicide","C2","FRAC","Amide, Oxathiin",481,15786,7,95,"C","fun_C"
"FAMOXADONE","Dicarboximide","Fungicide","Fungicide","C3","FRAC","Oxazole, Dicarboximide",881,7800,9,126,"C","fun_C"
"AZOXYSTROBIN","Strobin","Fungicide","Fungicide","C3","FRAC","Antibiotic",1895,190740,16,128,"C","fun_C"
"FLUOXASTROBIN","Strobin","Fungicide","Fungicide","C3","FRAC","Antibiotic",119,9367,2,81,"C","fun_C"
"KRESOXIM-METHYL","Strobin","Fungicide","Fungicide","C3","FRAC","Antibiotic",1336,9007,14,124,"C","fun_C"
"PYRACLOSTROBIN","Strobin","Fungicide","Fungicide","C3","FRAC","Antibiotic",1251,211683,10,128,"C","fun_C"
"TRIFLOXYSTROBIN","Strobin","Fungicide","Fungicide","C3","FRAC","Antibiotic",1571,53321,13,128,"C","fun_C"
"CYAZOFAMID","Azole","Fungicide","Fungicide","C4","FRAC","Amide, imidazole",318,1170,7,78,"C","fun_C"
"FLUAZINAM","2,6-Dinitroaniline","Fungicide","Fungicide","C5","FRAC","Pyridine",57,894,6,18,"C","fun_C"
"DINOCAP","Dinitrophenol derivative","Fungicide, Insecticide","Fungicide","C5","FRAC","Dinitrophenol",64,236,2,64,"C","fun_C"
"FENTIN","Organotin, Heavy metal","Fungicide, Molluscicide, Herbicide","Fungicide","C6","FRAC","Organotin",679,13351,21,60,"C","fun_C"
"CYPRODINIL","Pyrimidine","Fungicide","Fungicide","D1","FRAC","Pyrimidine",1574,6704,14,126,"D","fun_D"
"PYRIMETHANIL","Pyrimidine","Fungicide","Fungicide","D1","FRAC","Pyrimidine",674,5487,8,112,"D","fun_D"
"KASUGAMYCIN","Antibiotic","Fungicide, Microbiocide","Fungicide","D3","FRAC","Antibiotic",15,4,1,15,"D","fun_D"
"OXYTETRACYCLINE","Antibiotic","Fungicide, Microbiocide","Fungicide","D5","FRAC","Bactericides",100,99,13,24,"D","fun_D"
"QUINOXYFEN","Quinoline","Fungicide","Fungicide","E1","FRAC","Quinoline",315,1882,9,96,"E","fun_E"
"FLUDIOXONIL","Unclassified","Fungicide","Fungicide","E2","FRAC","Pyrrole",1001,9087,11,118,"E","fun_E"
"IPRODIONE","Dicarboximide","Fungicide","Fungicide","E3","FRAC","Dicarboximide, Imidazole",830,25688,21,117,"E","fun_E"
"VINCLOZOLIN","Dicarboximide","Fungicide","Fungicide","E3","FRAC","Oxazole, Dicarboximide",626,6270,13,97,"E","fun_E"
"ETRIDIAZOLE","Azole","Fungicide","Fungicide","F3","FRAC","Thiadiazole",56,5635,2,56,"F","fun_F"
"DICLORAN","Substituted Benzene","Fungicide","Fungicide","F3","FRAC","Aromatic",85,876,2,48,"F","fun_F"
"QUINTOZENE","Substituted Benzene","Fungicide, Nematicide, Algaecide","Fungicide","F3","FRAC","Aromatic",359,33301,16,107,"F","fun_F"
"PROPAMOCARB HCL","Other Carbamate","Fungicide","Fungicide","F4","FRAC","Carbamate",693,26681,16,110,"F","fun_F"
"DIMETHOMORPH","Morpholine","Fungicide","Fungicide","F5","FRAC","Morpholine",612,2978,15,110,"F","fun_F"
"MANDIPROPAMID","Unknown","Fungicide","Fungicide","F5","FRAC","Amide",235,1432,5,92,"F","fun_F"
"BACILLUS SUBTILIS","Microbial","Fungicide","Fungicide","F6","FRAC",NA,174,665,8,75,"F","fun_F"
"CYPROCONAZOLE","Azole","Fungicide","Fungicide","G1","FRAC","Conazole, triazole",202,27391,4,58,"G","fun_G"
"DIFENOCONAZOLE","Azole","Fungicide","Fungicide","G1","FRAC","Conazole, triazole",484,3061,5,124,"G","fun_G"
"FENBUCONAZOLE","Azole","Fungicide","Fungicide","G1","FRAC","Conazole, triazole",1086,4176,18,115,"G","fun_G"
"FLUSILAZOLE","Azole","Fungicide","Fungicide","G1","FRAC","Conazole, triazole",74,4344,2,44,"G","fun_G"
"IMAZALIL","Azole","Fungicide","Fungicide","G1","FRAC","Conazole, Imidazole",129,146,2,78,"G","fun_G"
"IPCONAZOLE","Azole","Fungicide","Fungicide","G1","FRAC","Conazole, triazole",267,480,3,104,"G","fun_G"
"METCONAZOLE","Azole","Fungicide","Fungicide","G1","FRAC","Conazole, triazole",383,11656,5,121,"G","fun_G"
"MYCLOBUTANIL","Azole","Fungicide","Fungicide","G1","FRAC","Conazole, triazole",2595,34206,21,127,"G","fun_G"
"PROPICONAZOLE","Azole","Fungicide","Fungicide","G1","FRAC","Conazole, triazole",2597,225507,21,128,"G","fun_G"
"PROTHIOCONAZOLE","Azole","Fungicide","Fungicide","G1","FRAC","Conazole, triazole",528,30794,6,118,"G","fun_G"
"TEBUCONAZOLE","Azole","Fungicide","Fungicide","G1","FRAC","Conazole, triazole",1155,58977,16,121,"G","fun_G"
"TETRACONAZOLE","Azole","Fungicide","Fungicide","G1","FRAC","Conazole, triazole",743,35318,14,111,"G","fun_G"
"TRIADIMEFON","Azole","Fungicide","Fungicide","G1","FRAC","Conazole, triazole",1619,21032,18,127,"G","fun_G"
"TRIFLUMIZOLE","Azole","Fungicide","Fungicide","G1","FRAC","Conazole, Imidazole",603,6684,15,113,"G","fun_G"
"FENARIMOL","Pyrimidine","Fungicide","Fungicide","G1","FRAC","Pyrimidine",2406,10839,21,124,"G","fun_G"
"TRIFORINE","Unclassified","Fungicide, Insecticide","Fungicide","G1","FRAC","Amide",381,1524,6,116,"G","fun_G"
"FENHEXAMID","Anilide","Fungicide","Fungicide","G3","FRAC","Amide",663,8156,13,92,"G","fun_G"
"THIRAM","Dithiocarbamate","Fungicide","Fungicide","Multi-site","FRAC","Dithiocarbamate",1441,79233,21,128,"M","fun_M"
"ZIRAM","Dithiocarbamate, Inorganic-Zinc","Fungicide, Microbiocide, Dog and Cat Repellent","Fungicide","Multi-site","FRAC","Dithiocarbamate",2460,536384,21,127,"M","fun_M"
"FERBAM","Dithiocarbamate-ETU","Fungicide","Fungicide","Multi-site","FRAC","Dithiocarbamate",971,55168,16,125,"M","fun_M"
"MANEB","Dithiocarbamate-ETU","Fungicide","Fungicide","Multi-site","FRAC","Dithiocarbamate",1744,377822,21,127,"M","fun_M"
"MANCOZEB","Dithiocarbamate-ETU, Inorganic-Zinc","Fungicide","Fungicide","Multi-site","FRAC","Dithiocarbamate, zinc",2670,2089800,21,128,"M","fun_M"
"METIRAM","Dithiocarbamate-ETU, Inorganic-Zinc","Fungicide","Fungicide","Multi-site","FRAC","Dithiocarbamate, zinc",2587,769988,21,127,"M","fun_M"
"ZINEB","Dithiocarbamate-ETU, Inorganic-Zinc","Fungicide","Fungicide","Multi-site","FRAC","Dithiocarbamate, zinc",85,2440,3,66,"M","fun_M"
"SULFUR","Inorganic","Fungicide, Insecticide","Fungicide","Multi-site","FRAC","Inorganic",2589,1509900,21,127,"M","fun_M"
"COPPER","Inorganic-Copper","Fungicide","Fungicide","Multi-site","FRAC","Copper",435,14457,16,79,"M","fun_M"
"CHLOROTHALONIL","Substituted Benzene","Fungicide","Fungicide","Multi-site","FRAC","Aromatic",2643,1624770,21,128,"M","fun_M"
"CAPTAFOL","Thiophthalimide","Fungicide","Fungicide","Multi-site","FRAC","Dicarboximide",33,472,1,33,"M","fun_M"
"CAPTAN","Thiophthalimide","Fungicide","Fungicide","Multi-site","FRAC","Dicarboximide",2644,1365550,21,128,"M","fun_M"
"ANILAZINE","Triazine","Fungicide","Fungicide","Multi-site","FRAC","Triazine",199,16542,4,78,"M","fun_M"
"ACIBENZOLAR","Unclassified","Fungicide","Fungicide","P1","FRAC","Unclassified",143,95,11,25,"P","fun_P"
"DODINE","Guanidine","Fungicide, Microbiocide","Fungicide","UN","FRAC","Aliphatic nitrogen",2121,53924,21,124,"U","fun_U"
"PHOSPHORIC ACID","Inorganic","Fungicide, Herbicide, Microbiocide, pH Adjustment","Fungicide","UN","FRAC",NA,204,26044,10,49,"U","fun_U"
"CYMOXANIL","Unclassified","Fungicide","Fungicide","UN","FRAC","Aliphatic nitrogen",1104,12518,18,126,"U","fun_U"
"METRAFENONE","Unclassified","Fungicide","Fungicide","UN","FRAC","Aryl Phenyl Ketone",2,73,1,2,"U","fun_U"
"FOSETYL","Unknown","Fungicide","Fungicide","UN","FRAC","Organophosphorus",328,10870,15,93,"U","fun_U"
